Age (Years),q_x
0.5,0.03505
3,0.01399
7.5,0.015425
12.5,0.009755
17.5,0.01321
22.5,0.017825
27.5,0.021005
32.5,0.025385
37.5,0.03264
42.5,0.039545
47.5,0.045545
52.5,0.056245
57.5,0.068295
62.5,0.096135
67.5,0.140285
72.5,0.207055
77.5,0.297325
82.5,0.409355
87.5,1
